Month,Percent
Jan,8.916920
Feb,11.226508
Mar,6.120332
Apr,5.548780
May,4.616429
Jun,10.510511
Jul,10.846110
Aug,14.832536
Sep,10.174717
Oct,11.111111
Nov,12.500000
Dec,16.312917